title,price,rating,link
Nike Men's Court Vision Lo Sneaker,$65.09,4.4,https://amazon.com//Nike-Vision-Sneaker-Whiteblack-Regular/dp/B07NMZDBD6/ref=sr_1_4?crid=1FAV8ASK9TTC4&dib=eyJ2IjoiMSJ9.d98221Y8khUcVADylzZITRbKTtj12KyWLNTgshOnzth6jeUNIF4Rr9M-4fkXbVikfxUJDWuI_nigEmz4XbhK5983o2SLoMukGzwh3k9VE0Jb2Zt4tVrTvn0fzc-wIiiRSjSrWRgw9dAu15no21hcwHH6HX_VsRVVAv_iKZAMWxy3vLaYBLbzgJN7VRwo4sBACdUQ-Ymy4q81j4c2Su97CCM_KpV7SPOG5oihyc5Z5GJu15U3wx75-FZOD2PVoHu6zATAYcloDXoC3gUna_hvjhPjP25dbPZ5OzlumfGP52A.c2MVHdpiIy_Ui3MixUyyrwXY3UBl8qb-ZSfDSFqpUn0&dib_tag=se&keywords=Nike+Shoes&qid=1710683262&sprefix=nike+sh%2Caps%2C439&sr=8-4
NIKE Men's Sneaker,$62.97,4.5,https://amazon.com//Nike-Mens-Sneaker-Black-University/dp/B0BKVQVZ5Y/ref=sr_1_5?crid=1FAV8ASK9TTC4&dib=eyJ2IjoiMSJ9.d98221Y8khUcVADylzZITRbKTtj12KyWLNTgshOnzth6jeUNIF4Rr9M-4fkXbVikfxUJDWuI_nigEmz4XbhK5983o2SLoMukGzwh3k9VE0Jb2Zt4tVrTvn0fzc-wIiiRSjSrWRgw9dAu15no21hcwHH6HX_VsRVVAv_iKZAMWxy3vLaYBLbzgJN7VRwo4sBACdUQ-Ymy4q81j4c2Su97CCM_KpV7SPOG5oihyc5Z5GJu15U3wx75-FZOD2PVoHu6zATAYcloDXoC3gUna_hvjhPjP25dbPZ5OzlumfGP52A.c2MVHdpiIy_Ui3MixUyyrwXY3UBl8qb-ZSfDSFqpUn0&dib_tag=se&keywords=Nike+Shoes&qid=1710683262&sprefix=nike+sh%2Caps%2C439&sr=8-5
"Nike Men's Sneakers, 9 AU",$144.00,4.4,https://amazon.com//Nike-Tuned-Fabric-Trainer-Shoes/dp/B00HGVBNQ6/ref=sr_1_6?crid=1FAV8ASK9TTC4&dib=eyJ2IjoiMSJ9.d98221Y8khUcVADylzZITRbKTtj12KyWLNTgshOnzth6jeUNIF4Rr9M-4fkXbVikfxUJDWuI_nigEmz4XbhK5983o2SLoMukGzwh3k9VE0Jb2Zt4tVrTvn0fzc-wIiiRSjSrWRgw9dAu15no21hcwHH6HX_VsRVVAv_iKZAMWxy3vLaYBLbzgJN7VRwo4sBACdUQ-Ymy4q81j4c2Su97CCM_KpV7SPOG5oihyc5Z5GJu15U3wx75-FZOD2PVoHu6zATAYcloDXoC3gUna_hvjhPjP25dbPZ5OzlumfGP52A.c2MVHdpiIy_Ui3MixUyyrwXY3UBl8qb-ZSfDSFqpUn0&dib_tag=se&keywords=Nike+Shoes&qid=1710683262&sprefix=nike+sh%2Caps%2C439&sr=8-6
Nike Women's Basketball Men's Shoes,$67.91,4.3,https://amazon.com//Nike-Vision-Trainers-DH2987-Sneakers/dp/B098F513LP/ref=sr_1_7?crid=1FAV8ASK9TTC4&dib=eyJ2IjoiMSJ9.d98221Y8khUcVADylzZITRbKTtj12KyWLNTgshOnzth6jeUNIF4Rr9M-4fkXbVikfxUJDWuI_nigEmz4XbhK5983o2SLoMukGzwh3k9VE0Jb2Zt4tVrTvn0fzc-wIiiRSjSrWRgw9dAu15no21hcwHH6HX_VsRVVAv_iKZAMWxy3vLaYBLbzgJN7VRwo4sBACdUQ-Ymy4q81j4c2Su97CCM_KpV7SPOG5oihyc5Z5GJu15U3wx75-FZOD2PVoHu6zATAYcloDXoC3gUna_hvjhPjP25dbPZ5OzlumfGP52A.c2MVHdpiIy_Ui3MixUyyrwXY3UBl8qb-ZSfDSFqpUn0&dib_tag=se&keywords=Nike+Shoes&qid=1710683262&sprefix=nike+sh%2Caps%2C439&sr=8-7
Nike Men's Basketball Shoe,$104.00,4.5,https://amazon.com//Nike-Mens-Basketball-White-Black/dp/B08Q9SCLXM/ref=sr_1_8?crid=1FAV8ASK9TTC4&dib=eyJ2IjoiMSJ9.d98221Y8khUcVADylzZITRbKTtj12KyWLNTgshOnzth6jeUNIF4Rr9M-4fkXbVikfxUJDWuI_nigEmz4XbhK5983o2SLoMukGzwh3k9VE0Jb2Zt4tVrTvn0fzc-wIiiRSjSrWRgw9dAu15no21hcwHH6HX_VsRVVAv_iKZAMWxy3vLaYBLbzgJN7VRwo4sBACdUQ-Ymy4q81j4c2Su97CCM_KpV7SPOG5oihyc5Z5GJu15U3wx75-FZOD2PVoHu6zATAYcloDXoC3gUna_hvjhPjP25dbPZ5OzlumfGP52A.c2MVHdpiIy_Ui3MixUyyrwXY3UBl8qb-ZSfDSFqpUn0&dib_tag=se&keywords=Nike+Shoes&qid=1710683262&sprefix=nike+sh%2Caps%2C439&sr=8-8
Nike mens Air Max 2017,$137.44,4.4,https://amazon.com//Nike-Mens-Running-Binary-Black-Obsidian/dp/B06WW4F2H9/ref=sr_1_9?crid=1FAV8ASK9TTC4&dib=eyJ2IjoiMSJ9.d98221Y8khUcVADylzZITRbKTtj12KyWLNTgshOnzth6jeUNIF4Rr9M-4fkXbVikfxUJDWuI_nigEmz4XbhK5983o2SLoMukGzwh3k9VE0Jb2Zt4tVrTvn0fzc-wIiiRSjSrWRgw9dAu15no21hcwHH6HX_VsRVVAv_iKZAMWxy3vLaYBLbzgJN7VRwo4sBACdUQ-Ymy4q81j4c2Su97CCM_KpV7SPOG5oihyc5Z5GJu15U3wx75-FZOD2PVoHu6zATAYcloDXoC3gUna_hvjhPjP25dbPZ5OzlumfGP52A.c2MVHdpiIy_Ui3MixUyyrwXY3UBl8qb-ZSfDSFqpUn0&dib_tag=se&keywords=Nike+Shoes&qid=1710683262&sprefix=nike+sh%2Caps%2C439&sr=8-9
Nike mens Court Legacy,$82.98,4.4,https://amazon.com//Nike-Training-Gymnastics-White-Desert/dp/B08TR7Y16H/ref=sr_1_10?crid=1FAV8ASK9TTC4&dib=eyJ2IjoiMSJ9.d98221Y8khUcVADylzZITRbKTtj12KyWLNTgshOnzth6jeUNIF4Rr9M-4fkXbVikfxUJDWuI_nigEmz4XbhK5983o2SLoMukGzwh3k9VE0Jb2Zt4tVrTvn0fzc-wIiiRSjSrWRgw9dAu15no21hcwHH6HX_VsRVVAv_iKZAMWxy3vLaYBLbzgJN7VRwo4sBACdUQ-Ymy4q81j4c2Su97CCM_KpV7SPOG5oihyc5Z5GJu15U3wx75-FZOD2PVoHu6zATAYcloDXoC3gUna_hvjhPjP25dbPZ5OzlumfGP52A.c2MVHdpiIy_Ui3MixUyyrwXY3UBl8qb-ZSfDSFqpUn0&dib_tag=se&keywords=Nike+Shoes&qid=1710683262&sprefix=nike+sh%2Caps%2C439&sr=8-10
Nike mens Revolution 5 Running,$66.63,4.6,https://amazon.com//Nike-Revolution-Running-White-Anthracite-Regular/dp/B07NLVK1NH/ref=sr_1_11?crid=1FAV8ASK9TTC4&dib=eyJ2IjoiMSJ9.d98221Y8khUcVADylzZITRbKTtj12KyWLNTgshOnzth6jeUNIF4Rr9M-4fkXbVikfxUJDWuI_nigEmz4XbhK5983o2SLoMukGzwh3k9VE0Jb2Zt4tVrTvn0fzc-wIiiRSjSrWRgw9dAu15no21hcwHH6HX_VsRVVAv_iKZAMWxy3vLaYBLbzgJN7VRwo4sBACdUQ-Ymy4q81j4c2Su97CCM_KpV7SPOG5oihyc5Z5GJu15U3wx75-FZOD2PVoHu6zATAYcloDXoC3gUna_hvjhPjP25dbPZ5OzlumfGP52A.c2MVHdpiIy_Ui3MixUyyrwXY3UBl8qb-ZSfDSFqpUn0&dib_tag=se&keywords=Nike+Shoes&qid=1710683262&sprefix=nike+sh%2Caps%2C439&sr=8-11
Nike Men's Sneaker,$70.00,4.2,https://amazon.com//Nike-Huarache-DD1068-White-Platinum/dp/B0BCDMB7N6/ref=sr_1_12?crid=1FAV8ASK9TTC4&dib=eyJ2IjoiMSJ9.d98221Y8khUcVADylzZITRbKTtj12KyWLNTgshOnzth6jeUNIF4Rr9M-4fkXbVikfxUJDWuI_nigEmz4XbhK5983o2SLoMukGzwh3k9VE0Jb2Zt4tVrTvn0fzc-wIiiRSjSrWRgw9dAu15no21hcwHH6HX_VsRVVAv_iKZAMWxy3vLaYBLbzgJN7VRwo4sBACdUQ-Ymy4q81j4c2Su97CCM_KpV7SPOG5oihyc5Z5GJu15U3wx75-FZOD2PVoHu6zATAYcloDXoC3gUna_hvjhPjP25dbPZ5OzlumfGP52A.c2MVHdpiIy_Ui3MixUyyrwXY3UBl8qb-ZSfDSFqpUn0&dib_tag=se&keywords=Nike+Shoes&qid=1710683262&sprefix=nike+sh%2Caps%2C439&sr=8-12
Nike Men's Running Shoe,$63.14,4.3,https://amazon.com//Nike-Revolution-Running-Shoes-White-White/dp/B09NMKLNHD/ref=sr_1_13?crid=1FAV8ASK9TTC4&dib=eyJ2IjoiMSJ9.d98221Y8khUcVADylzZITRbKTtj12KyWLNTgshOnzth6jeUNIF4Rr9M-4fkXbVikfxUJDWuI_nigEmz4XbhK5983o2SLoMukGzwh3k9VE0Jb2Zt4tVrTvn0fzc-wIiiRSjSrWRgw9dAu15no21hcwHH6HX_VsRVVAv_iKZAMWxy3vLaYBLbzgJN7VRwo4sBACdUQ-Ymy4q81j4c2Su97CCM_KpV7SPOG5oihyc5Z5GJu15U3wx75-FZOD2PVoHu6zATAYcloDXoC3gUna_hvjhPjP25dbPZ5OzlumfGP52A.c2MVHdpiIy_Ui3MixUyyrwXY3UBl8qb-ZSfDSFqpUn0&dib_tag=se&keywords=Nike+Shoes&qid=1710683262&sprefix=nike+sh%2Caps%2C439&sr=8-13
Nike Women's Air Max Excee Shoes,$75.00,4.4,https://amazon.com//Womens-Excee-Sneaker-Sanddrift-Stadium/dp/B0BNJLPSL8/ref=sr_1_14?crid=1FAV8ASK9TTC4&dib=eyJ2IjoiMSJ9.d98221Y8khUcVADylzZITRbKTtj12KyWLNTgshOnzth6jeUNIF4Rr9M-4fkXbVikfxUJDWuI_nigEmz4XbhK5983o2SLoMukGzwh3k9VE0Jb2Zt4tVrTvn0fzc-wIiiRSjSrWRgw9dAu15no21hcwHH6HX_VsRVVAv_iKZAMWxy3vLaYBLbzgJN7VRwo4sBACdUQ-Ymy4q81j4c2Su97CCM_KpV7SPOG5oihyc5Z5GJu15U3wx75-FZOD2PVoHu6zATAYcloDXoC3gUna_hvjhPjP25dbPZ5OzlumfGP52A.c2MVHdpiIy_Ui3MixUyyrwXY3UBl8qb-ZSfDSFqpUn0&dib_tag=se&keywords=Nike+Shoes&qid=1710683262&sprefix=nike+sh%2Caps%2C439&sr=8-14
Nike Women's Gymnastics Shoes Sneaker,$159.99,4.5,https://amazon.com//Jordan-Women-White-Black-Black-DC0774-101/dp/B0C3PLKSCZ/ref=sr_1_15?crid=1FAV8ASK9TTC4&dib=eyJ2IjoiMSJ9.d98221Y8khUcVADylzZITRbKTtj12KyWLNTgshOnzth6jeUNIF4Rr9M-4fkXbVikfxUJDWuI_nigEmz4XbhK5983o2SLoMukGzwh3k9VE0Jb2Zt4tVrTvn0fzc-wIiiRSjSrWRgw9dAu15no21hcwHH6HX_VsRVVAv_iKZAMWxy3vLaYBLbzgJN7VRwo4sBACdUQ-Ymy4q81j4c2Su97CCM_KpV7SPOG5oihyc5Z5GJu15U3wx75-FZOD2PVoHu6zATAYcloDXoC3gUna_hvjhPjP25dbPZ5OzlumfGP52A.c2MVHdpiIy_Ui3MixUyyrwXY3UBl8qb-ZSfDSFqpUn0&dib_tag=se&keywords=Nike+Shoes&qid=1710683262&sprefix=nike+sh%2Caps%2C439&sr=8-15
Nike Men's Gymnastics Shoes,$49.00,4.6,https://amazon.com//Nike-Mens-Basketball-White-11/dp/B08QB2CYM4/ref=sr_1_16?crid=1FAV8ASK9TTC4&dib=eyJ2IjoiMSJ9.d98221Y8khUcVADylzZITRbKTtj12KyWLNTgshOnzth6jeUNIF4Rr9M-4fkXbVikfxUJDWuI_nigEmz4XbhK5983o2SLoMukGzwh3k9VE0Jb2Zt4tVrTvn0fzc-wIiiRSjSrWRgw9dAu15no21hcwHH6HX_VsRVVAv_iKZAMWxy3vLaYBLbzgJN7VRwo4sBACdUQ-Ymy4q81j4c2Su97CCM_KpV7SPOG5oihyc5Z5GJu15U3wx75-FZOD2PVoHu6zATAYcloDXoC3gUna_hvjhPjP25dbPZ5OzlumfGP52A.c2MVHdpiIy_Ui3MixUyyrwXY3UBl8qb-ZSfDSFqpUn0&dib_tag=se&keywords=Nike+Shoes&qid=1710683262&sprefix=nike+sh%2Caps%2C439&sr=8-16
Autper Mens Air Athletic Running Tennis Shoes Lightweight Sport Gym Jogging Walking Sneakers US 6.5-US12.5,$45.99,4.2,https://amazon.com//sspa/click?ie=UTF8&spc=MTo2NTA2NjI1NDY0NTM0MDc2OjE3MTA2ODMyNjI6c3BfbXRmOjMwMDA5MjIzNzA4MDkwMjo6MDo6&url=%2FAthletic-Running-Lightweight-Jogging-Sneakers%2Fdp%2FB08GPSMBSP%2Fref%3Dsr_1_17_sspa%3Fcrid%3D1FAV8ASK9TTC4%26dib%3DeyJ2IjoiMSJ9.d98221Y8khUcVADylzZITRbKTtj12KyWLNTgshOnzth6jeUNIF4Rr9M-4fkXbVikfxUJDWuI_nigEmz4XbhK5983o2SLoMukGzwh3k9VE0Jb2Zt4tVrTvn0fzc-wIiiRSjSrWRgw9dAu15no21hcwHH6HX_VsRVVAv_iKZAMWxy3vLaYBLbzgJN7VRwo4sBACdUQ-Ymy4q81j4c2Su97CCM_KpV7SPOG5oihyc5Z5GJu15U3wx75-FZOD2PVoHu6zATAYcloDXoC3gUna_hvjhPjP25dbPZ5OzlumfGP52A.c2MVHdpiIy_Ui3MixUyyrwXY3UBl8qb-ZSfDSFqpUn0%26dib_tag%3Dse%26keywords%3DNike%2BShoes%26qid%3D1710683262%26sprefix%3Dnike%2Bsh%252Caps%252C439%26sr%3D8-17-spons%26sp_csd%3Dd2lkZ2V0TmFtZT1zcF9tdGY%26psc%3D1
MEHOTO Mens Athletic Running Shoes Tennis Air Sports Lightweight Gym Walking Jogging Workout Sneakers,$32.99,4.1,https://amazon.com//sspa/click?ie=UTF8&spc=MTo2NTA2NjI1NDY0NTM0MDc2OjE3MTA2ODMyNjI6c3BfbXRmOjMwMDA3MjM3NzcwOTcwMjo6MDo6&url=%2FMEHOTO-Athletic-Running-Lightweight-Sneakers%2Fdp%2FB0CDKMS75G%2Fref%3Dsr_1_18_sspa%3Fcrid%3D1FAV8ASK9TTC4%26dib%3DeyJ2IjoiMSJ9.d98221Y8khUcVADylzZITRbKTtj12KyWLNTgshOnzth6jeUNIF4Rr9M-4fkXbVikfxUJDWuI_nigEmz4XbhK5983o2SLoMukGzwh3k9VE0Jb2Zt4tVrTvn0fzc-wIiiRSjSrWRgw9dAu15no21hcwHH6HX_VsRVVAv_iKZAMWxy3vLaYBLbzgJN7VRwo4sBACdUQ-Ymy4q81j4c2Su97CCM_KpV7SPOG5oihyc5Z5GJu15U3wx75-FZOD2PVoHu6zATAYcloDXoC3gUna_hvjhPjP25dbPZ5OzlumfGP52A.c2MVHdpiIy_Ui3MixUyyrwXY3UBl8qb-ZSfDSFqpUn0%26dib_tag%3Dse%26keywords%3DNike%2BShoes%26qid%3D1710683262%26sprefix%3Dnike%2Bsh%252Caps%252C439%26sr%3D8-18-spons%26sp_csd%3Dd2lkZ2V0TmFtZT1zcF9tdGY%26psc%3D1
Mens Running Shoes Air Cushion Walking Basketball Sneakers Fashion Tennis Breathable Sport Gym Fitness Cross Trainers,$39.99,4.5,https://amazon.com//sspa/click?ie=UTF8&spc=MTo2NTA2NjI1NDY0NTM0MDc2OjE3MTA2ODMyNjI6c3BfbXRmOjMwMDEzNDQ5Mzg5NzkwMjo6MDo6&url=%2FRunning-Cushion-Basketball-Sneakers-Trainers%2Fdp%2FB09D3BKWY6%2Fref%3Dsr_1_19_sspa%3Fcrid%3D1FAV8ASK9TTC4%26dib%3DeyJ2IjoiMSJ9.d98221Y8khUcVADylzZITRbKTtj12KyWLNTgshOnzth6jeUNIF4Rr9M-4fkXbVikfxUJDWuI_nigEmz4XbhK5983o2SLoMukGzwh3k9VE0Jb2Zt4tVrTvn0fzc-wIiiRSjSrWRgw9dAu15no21hcwHH6HX_VsRVVAv_iKZAMWxy3vLaYBLbzgJN7VRwo4sBACdUQ-Ymy4q81j4c2Su97CCM_KpV7SPOG5oihyc5Z5GJu15U3wx75-FZOD2PVoHu6zATAYcloDXoC3gUna_hvjhPjP25dbPZ5OzlumfGP52A.c2MVHdpiIy_Ui3MixUyyrwXY3UBl8qb-ZSfDSFqpUn0%26dib_tag%3Dse%26keywords%3DNike%2BShoes%26qid%3D1710683262%26sprefix%3Dnike%2Bsh%252Caps%252C439%26sr%3D8-19-spons%26sp_csd%3Dd2lkZ2V0TmFtZT1zcF9tdGY%26psc%3D1
Running Shoes for Men Lightweight Walking Tennis Shoes Non Slip Sports Basketball Fashion Sneakers for Workout Casual Athletic,$39.99,4.2,https://amazon.com//sspa/click?ie=UTF8&spc=MTo2NTA2NjI1NDY0NTM0MDc2OjE3MTA2ODMyNjI6c3BfbXRmOjMwMDEzMzg4NjI0MTgwMjo6MDo6&url=%2FADCORAN-Lightweight-Basketball-Sneakers-Athletic%2Fdp%2FB09LR2V1XM%2Fref%3Dsr_1_20_sspa%3Fcrid%3D1FAV8ASK9TTC4%26dib%3DeyJ2IjoiMSJ9.d98221Y8khUcVADylzZITRbKTtj12KyWLNTgshOnzth6jeUNIF4Rr9M-4fkXbVikfxUJDWuI_nigEmz4XbhK5983o2SLoMukGzwh3k9VE0Jb2Zt4tVrTvn0fzc-wIiiRSjSrWRgw9dAu15no21hcwHH6HX_VsRVVAv_iKZAMWxy3vLaYBLbzgJN7VRwo4sBACdUQ-Ymy4q81j4c2Su97CCM_KpV7SPOG5oihyc5Z5GJu15U3wx75-FZOD2PVoHu6zATAYcloDXoC3gUna_hvjhPjP25dbPZ5OzlumfGP52A.c2MVHdpiIy_Ui3MixUyyrwXY3UBl8qb-ZSfDSFqpUn0%26dib_tag%3Dse%26keywords%3DNike%2BShoes%26qid%3D1710683262%26sprefix%3Dnike%2Bsh%252Caps%252C439%26sr%3D8-20-spons%26sp_csd%3Dd2lkZ2V0TmFtZT1zcF9tdGY%26psc%3D1
"Nike Men's Sneaker,Running Shoes",$90.00,4.5,https://amazon.com//Nike-Torch-Running-Shoes-Black/dp/B001CQ3CG0/ref=sr_1_21?crid=1FAV8ASK9TTC4&dib=eyJ2IjoiMSJ9.d98221Y8khUcVADylzZITRbKTtj12KyWLNTgshOnzth6jeUNIF4Rr9M-4fkXbVikfxUJDWuI_nigEmz4XbhK5983o2SLoMukGzwh3k9VE0Jb2Zt4tVrTvn0fzc-wIiiRSjSrWRgw9dAu15no21hcwHH6HX_VsRVVAv_iKZAMWxy3vLaYBLbzgJN7VRwo4sBACdUQ-Ymy4q81j4c2Su97CCM_KpV7SPOG5oihyc5Z5GJu15U3wx75-FZOD2PVoHu6zATAYcloDXoC3gUna_hvjhPjP25dbPZ5OzlumfGP52A.c2MVHdpiIy_Ui3MixUyyrwXY3UBl8qb-ZSfDSFqpUn0&dib_tag=se&keywords=Nike+Shoes&qid=1710683262&sprefix=nike+sh%2Caps%2C439&sr=8-21
Nike Women's Sneaker Basketball Shoe,$56.17,4.4,https://amazon.com//Nike-Womens-Vision-Sneakers-White-White/dp/B0983L2N9G/ref=sr_1_22?crid=1FAV8ASK9TTC4&dib=eyJ2IjoiMSJ9.d98221Y8khUcVADylzZITRbKTtj12KyWLNTgshOnzth6jeUNIF4Rr9M-4fkXbVikfxUJDWuI_nigEmz4XbhK5983o2SLoMukGzwh3k9VE0Jb2Zt4tVrTvn0fzc-wIiiRSjSrWRgw9dAu15no21hcwHH6HX_VsRVVAv_iKZAMWxy3vLaYBLbzgJN7VRwo4sBACdUQ-Ymy4q81j4c2Su97CCM_KpV7SPOG5oihyc5Z5GJu15U3wx75-FZOD2PVoHu6zATAYcloDXoC3gUna_hvjhPjP25dbPZ5OzlumfGP52A.c2MVHdpiIy_Ui3MixUyyrwXY3UBl8qb-ZSfDSFqpUn0&dib_tag=se&keywords=Nike+Shoes&qid=1710683262&sprefix=nike+sh%2Caps%2C439&sr=8-22
Nike mens Air Force 1 Low Retro,$115.00,4.6,https://amazon.com//Nike-Mens-Basketball-White-Black/dp/B08QB1X4GC/ref=sr_1_23?crid=1FAV8ASK9TTC4&dib=eyJ2IjoiMSJ9.d98221Y8khUcVADylzZITRbKTtj12KyWLNTgshOnzth6jeUNIF4Rr9M-4fkXbVikfxUJDWuI_nigEmz4XbhK5983o2SLoMukGzwh3k9VE0Jb2Zt4tVrTvn0fzc-wIiiRSjSrWRgw9dAu15no21hcwHH6HX_VsRVVAv_iKZAMWxy3vLaYBLbzgJN7VRwo4sBACdUQ-Ymy4q81j4c2Su97CCM_KpV7SPOG5oihyc5Z5GJu15U3wx75-FZOD2PVoHu6zATAYcloDXoC3gUna_hvjhPjP25dbPZ5OzlumfGP52A.c2MVHdpiIy_Ui3MixUyyrwXY3UBl8qb-ZSfDSFqpUn0&dib_tag=se&keywords=Nike+Shoes&qid=1710683262&sprefix=nike+sh%2Caps%2C439&sr=8-23
Nike Men's Running Shoes,$73.72,4.6,https://amazon.com//Nike-SYSTM-Running-Shoes-White-Wolf/dp/B0B6FXKBQK/ref=sr_1_24?crid=1FAV8ASK9TTC4&dib=eyJ2IjoiMSJ9.d98221Y8khUcVADylzZITRbKTtj12KyWLNTgshOnzth6jeUNIF4Rr9M-4fkXbVikfxUJDWuI_nigEmz4XbhK5983o2SLoMukGzwh3k9VE0Jb2Zt4tVrTvn0fzc-wIiiRSjSrWRgw9dAu15no21hcwHH6HX_VsRVVAv_iKZAMWxy3vLaYBLbzgJN7VRwo4sBACdUQ-Ymy4q81j4c2Su97CCM_KpV7SPOG5oihyc5Z5GJu15U3wx75-FZOD2PVoHu6zATAYcloDXoC3gUna_hvjhPjP25dbPZ5OzlumfGP52A.c2MVHdpiIy_Ui3MixUyyrwXY3UBl8qb-ZSfDSFqpUn0&dib_tag=se&keywords=Nike+Shoes&qid=1710683262&sprefix=nike+sh%2Caps%2C439&sr=8-24
Alpine Swiss Mens Stefan Suede Trim Retro Fashion Sneakers,$34.99,4.0,https://amazon.com//sspa/click?ie=UTF8&spc=MTo2NTA2NjI1NDY0NTM0MDc2OjE3MTA2ODMyNjI6c3BfbXRmOjMwMDE0NTY4MDA3MTAwMjo6MDo6&url=%2Falpine-swiss-Stefan-Fashion-Sneakers%2Fdp%2FB013FIOT32%2Fref%3Dsr_1_25_sspa%3Fcrid%3D1FAV8ASK9TTC4%26dib%3DeyJ2IjoiMSJ9.d98221Y8khUcVADylzZITRbKTtj12KyWLNTgshOnzth6jeUNIF4Rr9M-4fkXbVikfxUJDWuI_nigEmz4XbhK5983o2SLoMukGzwh3k9VE0Jb2Zt4tVrTvn0fzc-wIiiRSjSrWRgw9dAu15no21hcwHH6HX_VsRVVAv_iKZAMWxy3vLaYBLbzgJN7VRwo4sBACdUQ-Ymy4q81j4c2Su97CCM_KpV7SPOG5oihyc5Z5GJu15U3wx75-FZOD2PVoHu6zATAYcloDXoC3gUna_hvjhPjP25dbPZ5OzlumfGP52A.c2MVHdpiIy_Ui3MixUyyrwXY3UBl8qb-ZSfDSFqpUn0%26dib_tag%3Dse%26keywords%3DNike%2BShoes%26qid%3D1710683262%26sprefix%3Dnike%2Bsh%252Caps%252C439%26sr%3D8-25-spons%26sp_csd%3Dd2lkZ2V0TmFtZT1zcF9tdGY%26psc%3D1
"MEHOTO Mens Air Running Sneakers, Men Sport Fitness Gym Jogging Walking Lightweight Shoes, Size 7-12.5",$44.99,4.2,https://amazon.com//sspa/click?ie=UTF8&spc=MTo2NTA2NjI1NDY0NTM0MDc2OjE3MTA2ODMyNjI6c3BfbXRmOjIwMDEwNzIwMzE5MjU5ODo6MDo6&url=%2FMEHOTO-Fashion-Lightweight-Sneakers-Blackwhite%2Fdp%2FB07GBKVD52%2Fref%3Dsr_1_26_sspa%3Fcrid%3D1FAV8ASK9TTC4%26dib%3DeyJ2IjoiMSJ9.d98221Y8khUcVADylzZITRbKTtj12KyWLNTgshOnzth6jeUNIF4Rr9M-4fkXbVikfxUJDWuI_nigEmz4XbhK5983o2SLoMukGzwh3k9VE0Jb2Zt4tVrTvn0fzc-wIiiRSjSrWRgw9dAu15no21hcwHH6HX_VsRVVAv_iKZAMWxy3vLaYBLbzgJN7VRwo4sBACdUQ-Ymy4q81j4c2Su97CCM_KpV7SPOG5oihyc5Z5GJu15U3wx75-FZOD2PVoHu6zATAYcloDXoC3gUna_hvjhPjP25dbPZ5OzlumfGP52A.c2MVHdpiIy_Ui3MixUyyrwXY3UBl8qb-ZSfDSFqpUn0%26dib_tag%3Dse%26keywords%3DNike%2BShoes%26qid%3D1710683262%26sprefix%3Dnike%2Bsh%252Caps%252C439%26sr%3D8-26-spons%26sp_csd%3Dd2lkZ2V0TmFtZT1zcF9tdGY%26psc%3D1
GOOBON Air Shoes for Men Tennis Sports Athletic Workout Gym Running Sneakers Size 7-12.5,$42.99,4.3,https://amazon.com//sspa/click?ie=UTF8&spc=MTo2NTA2NjI1NDY0NTM0MDc2OjE3MTA2ODMyNjI6c3BfbXRmOjIwMDE3MTIzMTY1NTA5ODo6MDo6&url=%2FGOOBON-Athletic-Workout-Running-Sneakers%2Fdp%2FB09HTWR3DS%2Fref%3Dsr_1_27_sspa%3Fcrid%3D1FAV8ASK9TTC4%26dib%3DeyJ2IjoiMSJ9.d98221Y8khUcVADylzZITRbKTtj12KyWLNTgshOnzth6jeUNIF4Rr9M-4fkXbVikfxUJDWuI_nigEmz4XbhK5983o2SLoMukGzwh3k9VE0Jb2Zt4tVrTvn0fzc-wIiiRSjSrWRgw9dAu15no21hcwHH6HX_VsRVVAv_iKZAMWxy3vLaYBLbzgJN7VRwo4sBACdUQ-Ymy4q81j4c2Su97CCM_KpV7SPOG5oihyc5Z5GJu15U3wx75-FZOD2PVoHu6zATAYcloDXoC3gUna_hvjhPjP25dbPZ5OzlumfGP52A.c2MVHdpiIy_Ui3MixUyyrwXY3UBl8qb-ZSfDSFqpUn0%26dib_tag%3Dse%26keywords%3DNike%2BShoes%26qid%3D1710683262%26sprefix%3Dnike%2Bsh%252Caps%252C439%26sr%3D8-27-spons%26sp_csd%3Dd2lkZ2V0TmFtZT1zcF9tdGY%26psc%3D1
BOGOVER Men's Walking Shoes Non Slip Running Tennis Shoes Breathable Lightweight Air Cushion Sneakers for Tennis Gym Jogging,$49.99,4.1,https://amazon.com//sspa/click?ie=UTF8&spc=MTo2NTA2NjI1NDY0NTM0MDc2OjE3MTA2ODMyNjI6c3BfbXRmOjMwMDE0NTQ4ODMyMTAwMjo6MDo6&url=%2FBOGOVER-Breathable-Lightweight-Sneakers-Numeric_10%2Fdp%2FB09CSYPSQG%2Fref%3Dsr_1_28_sspa%3Fcrid%3D1FAV8ASK9TTC4%26dib%3DeyJ2IjoiMSJ9.d98221Y8khUcVADylzZITRbKTtj12KyWLNTgshOnzth6jeUNIF4Rr9M-4fkXbVikfxUJDWuI_nigEmz4XbhK5983o2SLoMukGzwh3k9VE0Jb2Zt4tVrTvn0fzc-wIiiRSjSrWRgw9dAu15no21hcwHH6HX_VsRVVAv_iKZAMWxy3vLaYBLbzgJN7VRwo4sBACdUQ-Ymy4q81j4c2Su97CCM_KpV7SPOG5oihyc5Z5GJu15U3wx75-FZOD2PVoHu6zATAYcloDXoC3gUna_hvjhPjP25dbPZ5OzlumfGP52A.c2MVHdpiIy_Ui3MixUyyrwXY3UBl8qb-ZSfDSFqpUn0%26dib_tag%3Dse%26keywords%3DNike%2BShoes%26qid%3D1710683262%26sprefix%3Dnike%2Bsh%252Caps%252C439%26sr%3D8-28-spons%26sp_csd%3Dd2lkZ2V0TmFtZT1zcF9tdGY%26psc%3D1
Nike mens Legent Essential 2 Training,$54.99,4.3,https://amazon.com//Nike-Legend-Essential-Black-Anthracite/dp/B08NYJ7Y36/ref=sr_1_29?crid=1FAV8ASK9TTC4&dib=eyJ2IjoiMSJ9.d98221Y8khUcVADylzZITRbKTtj12KyWLNTgshOnzth6jeUNIF4Rr9M-4fkXbVikfxUJDWuI_nigEmz4XbhK5983o2SLoMukGzwh3k9VE0Jb2Zt4tVrTvn0fzc-wIiiRSjSrWRgw9dAu15no21hcwHH6HX_VsRVVAv_iKZAMWxy3vLaYBLbzgJN7VRwo4sBACdUQ-Ymy4q81j4c2Su97CCM_KpV7SPOG5oihyc5Z5GJu15U3wx75-FZOD2PVoHu6zATAYcloDXoC3gUna_hvjhPjP25dbPZ5OzlumfGP52A.c2MVHdpiIy_Ui3MixUyyrwXY3UBl8qb-ZSfDSFqpUn0&dib_tag=se&keywords=Nike+Shoes&qid=1710683262&sprefix=nike+sh%2Caps%2C439&sr=8-29
Nike Men's Killshot 2,$79.98,4.6,https://amazon.com//NIKE-Killshot-Leather-432997-107/dp/B00770CBB2/ref=sr_1_30?crid=1FAV8ASK9TTC4&dib=eyJ2IjoiMSJ9.d98221Y8khUcVADylzZITRbKTtj12KyWLNTgshOnzth6jeUNIF4Rr9M-4fkXbVikfxUJDWuI_nigEmz4XbhK5983o2SLoMukGzwh3k9VE0Jb2Zt4tVrTvn0fzc-wIiiRSjSrWRgw9dAu15no21hcwHH6HX_VsRVVAv_iKZAMWxy3vLaYBLbzgJN7VRwo4sBACdUQ-Ymy4q81j4c2Su97CCM_KpV7SPOG5oihyc5Z5GJu15U3wx75-FZOD2PVoHu6zATAYcloDXoC3gUna_hvjhPjP25dbPZ5OzlumfGP52A.c2MVHdpiIy_Ui3MixUyyrwXY3UBl8qb-ZSfDSFqpUn0&dib_tag=se&keywords=Nike+Shoes&qid=1710683262&sprefix=nike+sh%2Caps%2C439&sr=8-30
Nike mens Dunk High Retro,$90.00,4.6,https://amazon.com//Nike-Retro-Shoes-Stadium-Green/dp/B0C3W2Q5ZH/ref=sr_1_31?crid=1FAV8ASK9TTC4&dib=eyJ2IjoiMSJ9.d98221Y8khUcVADylzZITRbKTtj12KyWLNTgshOnzth6jeUNIF4Rr9M-4fkXbVikfxUJDWuI_nigEmz4XbhK5983o2SLoMukGzwh3k9VE0Jb2Zt4tVrTvn0fzc-wIiiRSjSrWRgw9dAu15no21hcwHH6HX_VsRVVAv_iKZAMWxy3vLaYBLbzgJN7VRwo4sBACdUQ-Ymy4q81j4c2Su97CCM_KpV7SPOG5oihyc5Z5GJu15U3wx75-FZOD2PVoHu6zATAYcloDXoC3gUna_hvjhPjP25dbPZ5OzlumfGP52A.c2MVHdpiIy_Ui3MixUyyrwXY3UBl8qb-ZSfDSFqpUn0&dib_tag=se&keywords=Nike+Shoes&qid=1710683262&sprefix=nike+sh%2Caps%2C439&sr=8-31
"Nike Women's Low-Top Sneakers, 11 US",$90.00,4.4,https://amazon.com//Nike-Womens-Legacy-Running-BLACK-HEMP-TEAM/dp/B0B6FN5W17/ref=sr_1_32?crid=1FAV8ASK9TTC4&dib=eyJ2IjoiMSJ9.d98221Y8khUcVADylzZITRbKTtj12KyWLNTgshOnzth6jeUNIF4Rr9M-4fkXbVikfxUJDWuI_nigEmz4XbhK5983o2SLoMukGzwh3k9VE0Jb2Zt4tVrTvn0fzc-wIiiRSjSrWRgw9dAu15no21hcwHH6HX_VsRVVAv_iKZAMWxy3vLaYBLbzgJN7VRwo4sBACdUQ-Ymy4q81j4c2Su97CCM_KpV7SPOG5oihyc5Z5GJu15U3wx75-FZOD2PVoHu6zATAYcloDXoC3gUna_hvjhPjP25dbPZ5OzlumfGP52A.c2MVHdpiIy_Ui3MixUyyrwXY3UBl8qb-ZSfDSFqpUn0&dib_tag=se&keywords=Nike+Shoes&qid=1710683262&sprefix=nike+sh%2Caps%2C439&sr=8-32
JARLIF Men's Lightweight Athletic Running Shoes Breathable Sport Air Fitness Gym Jogging Sneakers (Size 6.5-12.5),$44.99,4.2,https://amazon.com//sspa/click?ie=UTF8&spc=MTo2NTA2NjI1NDY0NTM0MDc2OjE3MTA2ODMyNjI6c3BfbXRmOjIwMDA4NzkzMDY2MzczMTo6MDo6&url=%2FJARLIF-Lightweight-Athletic-Breathable-Sneakers%2Fdp%2FB07C3HC46M%2Fref%3Dsr_1_33_sspa%3Fcrid%3D1FAV8ASK9TTC4%26dib%3DeyJ2IjoiMSJ9.d98221Y8khUcVADylzZITRbKTtj12KyWLNTgshOnzth6jeUNIF4Rr9M-4fkXbVikfxUJDWuI_nigEmz4XbhK5983o2SLoMukGzwh3k9VE0Jb2Zt4tVrTvn0fzc-wIiiRSjSrWRgw9dAu15no21hcwHH6HX_VsRVVAv_iKZAMWxy3vLaYBLbzgJN7VRwo4sBACdUQ-Ymy4q81j4c2Su97CCM_KpV7SPOG5oihyc5Z5GJu15U3wx75-FZOD2PVoHu6zATAYcloDXoC3gUna_hvjhPjP25dbPZ5OzlumfGP52A.c2MVHdpiIy_Ui3MixUyyrwXY3UBl8qb-ZSfDSFqpUn0%26dib_tag%3Dse%26keywords%3DNike%2BShoes%26qid%3D1710683262%26sprefix%3Dnike%2Bsh%252Caps%252C439%26sr%3D8-33-spons%26sp_csd%3Dd2lkZ2V0TmFtZT1zcF9tdGY%26psc%3D1
K-Swiss Men's ST329 CMF Sneaker,$69.95,4.7,https://amazon.com//sspa/click?ie=UTF8&spc=MTo2NTA2NjI1NDY0NTM0MDc2OjE3MTA2ODMyNjI6c3BfbXRmOjIwMDA4MDQwODQ1NTQ5ODo6MDo6&url=%2FK-Swiss-Mens-ST329-Training-White%2Fdp%2FB00RBA83ME%2Fref%3Dsr_1_34_sspa%3Fcrid%3D1FAV8ASK9TTC4%26dib%3DeyJ2IjoiMSJ9.d98221Y8khUcVADylzZITRbKTtj12KyWLNTgshOnzth6jeUNIF4Rr9M-4fkXbVikfxUJDWuI_nigEmz4XbhK5983o2SLoMukGzwh3k9VE0Jb2Zt4tVrTvn0fzc-wIiiRSjSrWRgw9dAu15no21hcwHH6HX_VsRVVAv_iKZAMWxy3vLaYBLbzgJN7VRwo4sBACdUQ-Ymy4q81j4c2Su97CCM_KpV7SPOG5oihyc5Z5GJu15U3wx75-FZOD2PVoHu6zATAYcloDXoC3gUna_hvjhPjP25dbPZ5OzlumfGP52A.c2MVHdpiIy_Ui3MixUyyrwXY3UBl8qb-ZSfDSFqpUn0%26dib_tag%3Dse%26keywords%3DNike%2BShoes%26qid%3D1710683262%26sprefix%3Dnike%2Bsh%252Caps%252C439%26sr%3D8-34-spons%26sp_csd%3Dd2lkZ2V0TmFtZT1zcF9tdGY%26psc%3D1
Womens Running Tennis Shoes Slip on Ladies Walking Fashion Athletic Sneakers Work Gym Comfort Lightweight Mesh Soft Sole,$29.99,4.5,https://amazon.com//sspa/click?ie=UTF8&spc=MTo2NTA2NjI1NDY0NTM0MDc2OjE3MTA2ODMyNjI6c3BfbXRmOjMwMDEyMDAxNjkwOTcwMjo6MDo6&url=%2FRunning-Walking-Athletic-Sneakers-Lightweight%2Fdp%2FB0CCCPD5JV%2Fref%3Dsr_1_35_sspa%3Fcrid%3D1FAV8ASK9TTC4%26dib%3DeyJ2IjoiMSJ9.d98221Y8khUcVADylzZITRbKTtj12KyWLNTgshOnzth6jeUNIF4Rr9M-4fkXbVikfxUJDWuI_nigEmz4XbhK5983o2SLoMukGzwh3k9VE0Jb2Zt4tVrTvn0fzc-wIiiRSjSrWRgw9dAu15no21hcwHH6HX_VsRVVAv_iKZAMWxy3vLaYBLbzgJN7VRwo4sBACdUQ-Ymy4q81j4c2Su97CCM_KpV7SPOG5oihyc5Z5GJu15U3wx75-FZOD2PVoHu6zATAYcloDXoC3gUna_hvjhPjP25dbPZ5OzlumfGP52A.c2MVHdpiIy_Ui3MixUyyrwXY3UBl8qb-ZSfDSFqpUn0%26dib_tag%3Dse%26keywords%3DNike%2BShoes%26qid%3D1710683262%26sprefix%3Dnike%2Bsh%252Caps%252C439%26sr%3D8-35-spons%26sp_csd%3Dd2lkZ2V0TmFtZT1zcF9tdGY%26psc%3D1
Kapsen Mens Running Shoes Air Cushion Tennis Walking Sneakers Casual Sport Gym Jogging,$45.99,4.2,https://amazon.com//sspa/click?ie=UTF8&spc=MTo2NTA2NjI1NDY0NTM0MDc2OjE3MTA2ODMyNjI6c3BfbXRmOjMwMDAxNzM4OTAzNDcwMjo6MDo6&url=%2FKapsen-Running-Cushion-Walking-Sneakers%2Fdp%2FB08K8QXQJK%2Fref%3Dsr_1_36_sspa%3Fcrid%3D1FAV8ASK9TTC4%26dib%3DeyJ2IjoiMSJ9.d98221Y8khUcVADylzZITRbKTtj12KyWLNTgshOnzth6jeUNIF4Rr9M-4fkXbVikfxUJDWuI_nigEmz4XbhK5983o2SLoMukGzwh3k9VE0Jb2Zt4tVrTvn0fzc-wIiiRSjSrWRgw9dAu15no21hcwHH6HX_VsRVVAv_iKZAMWxy3vLaYBLbzgJN7VRwo4sBACdUQ-Ymy4q81j4c2Su97CCM_KpV7SPOG5oihyc5Z5GJu15U3wx75-FZOD2PVoHu6zATAYcloDXoC3gUna_hvjhPjP25dbPZ5OzlumfGP52A.c2MVHdpiIy_Ui3MixUyyrwXY3UBl8qb-ZSfDSFqpUn0%26dib_tag%3Dse%26keywords%3DNike%2BShoes%26qid%3D1710683262%26sprefix%3Dnike%2Bsh%252Caps%252C439%26sr%3D8-36-spons%26sp_csd%3Dd2lkZ2V0TmFtZT1zcF9tdGY%26psc%3D1
Nike womens Dunk Low,$110.00,4.5,https://amazon.com//Nike-Womens-DD1503-Black-White/dp/B08QBZRKJW/ref=sr_1_37?crid=1FAV8ASK9TTC4&dib=eyJ2IjoiMSJ9.d98221Y8khUcVADylzZITRbKTtj12KyWLNTgshOnzth6jeUNIF4Rr9M-4fkXbVikfxUJDWuI_nigEmz4XbhK5983o2SLoMukGzwh3k9VE0Jb2Zt4tVrTvn0fzc-wIiiRSjSrWRgw9dAu15no21hcwHH6HX_VsRVVAv_iKZAMWxy3vLaYBLbzgJN7VRwo4sBACdUQ-Ymy4q81j4c2Su97CCM_KpV7SPOG5oihyc5Z5GJu15U3wx75-FZOD2PVoHu6zATAYcloDXoC3gUna_hvjhPjP25dbPZ5OzlumfGP52A.c2MVHdpiIy_Ui3MixUyyrwXY3UBl8qb-ZSfDSFqpUn0&dib_tag=se&keywords=Nike+Shoes&qid=1710683262&sprefix=nike+sh%2Caps%2C439&sr=8-37
Nike Men's Running Shoes,$44.99,4.5,https://amazon.com//Nike-Experience-Running-Trainers-Sneakers/dp/B09NMJMYD9/ref=sr_1_38?crid=1FAV8ASK9TTC4&dib=eyJ2IjoiMSJ9.d98221Y8khUcVADylzZITRbKTtj12KyWLNTgshOnzth6jeUNIF4Rr9M-4fkXbVikfxUJDWuI_nigEmz4XbhK5983o2SLoMukGzwh3k9VE0Jb2Zt4tVrTvn0fzc-wIiiRSjSrWRgw9dAu15no21hcwHH6HX_VsRVVAv_iKZAMWxy3vLaYBLbzgJN7VRwo4sBACdUQ-Ymy4q81j4c2Su97CCM_KpV7SPOG5oihyc5Z5GJu15U3wx75-FZOD2PVoHu6zATAYcloDXoC3gUna_hvjhPjP25dbPZ5OzlumfGP52A.c2MVHdpiIy_Ui3MixUyyrwXY3UBl8qb-ZSfDSFqpUn0&dib_tag=se&keywords=Nike+Shoes&qid=1710683262&sprefix=nike+sh%2Caps%2C439&sr=8-38
Nike Men's Air Monarch Iv Cross Trainer,$59.99,4.4,https://amazon.com//NIKE-Monarch-Trainer-Metallic-Midnight/dp/B004IM7I7Y/ref=sr_1_39?crid=1FAV8ASK9TTC4&dib=eyJ2IjoiMSJ9.d98221Y8khUcVADylzZITRbKTtj12KyWLNTgshOnzth6jeUNIF4Rr9M-4fkXbVikfxUJDWuI_nigEmz4XbhK5983o2SLoMukGzwh3k9VE0Jb2Zt4tVrTvn0fzc-wIiiRSjSrWRgw9dAu15no21hcwHH6HX_VsRVVAv_iKZAMWxy3vLaYBLbzgJN7VRwo4sBACdUQ-Ymy4q81j4c2Su97CCM_KpV7SPOG5oihyc5Z5GJu15U3wx75-FZOD2PVoHu6zATAYcloDXoC3gUna_hvjhPjP25dbPZ5OzlumfGP52A.c2MVHdpiIy_Ui3MixUyyrwXY3UBl8qb-ZSfDSFqpUn0&dib_tag=se&keywords=Nike+Shoes&qid=1710683262&sprefix=nike+sh%2Caps%2C439&sr=8-39
Nike mens Roshe One,$51.99,4.5,https://amazon.com//NIKE-511881-023-Rosherun-Sneakers-NIKEWOLF/dp/B00L8911FK/ref=sr_1_40?crid=1FAV8ASK9TTC4&dib=eyJ2IjoiMSJ9.d98221Y8khUcVADylzZITRbKTtj12KyWLNTgshOnzth6jeUNIF4Rr9M-4fkXbVikfxUJDWuI_nigEmz4XbhK5983o2SLoMukGzwh3k9VE0Jb2Zt4tVrTvn0fzc-wIiiRSjSrWRgw9dAu15no21hcwHH6HX_VsRVVAv_iKZAMWxy3vLaYBLbzgJN7VRwo4sBACdUQ-Ymy4q81j4c2Su97CCM_KpV7SPOG5oihyc5Z5GJu15U3wx75-FZOD2PVoHu6zATAYcloDXoC3gUna_hvjhPjP25dbPZ5OzlumfGP52A.c2MVHdpiIy_Ui3MixUyyrwXY3UBl8qb-ZSfDSFqpUn0&dib_tag=se&keywords=Nike+Shoes&qid=1710683262&sprefix=nike+sh%2Caps%2C439&sr=8-40
Nike Women's Court Vision Low Sneaker,$79.89,4.4,https://amazon.com//Nike-Womens-Vision-Oxford-DH3158/dp/B09NRX94YS/ref=sr_1_41?crid=1FAV8ASK9TTC4&dib=eyJ2IjoiMSJ9.d98221Y8khUcVADylzZITRbKTtj12KyWLNTgshOnzth6jeUNIF4Rr9M-4fkXbVikfxUJDWuI_nigEmz4XbhK5983o2SLoMukGzwh3k9VE0Jb2Zt4tVrTvn0fzc-wIiiRSjSrWRgw9dAu15no21hcwHH6HX_VsRVVAv_iKZAMWxy3vLaYBLbzgJN7VRwo4sBACdUQ-Ymy4q81j4c2Su97CCM_KpV7SPOG5oihyc5Z5GJu15U3wx75-FZOD2PVoHu6zATAYcloDXoC3gUna_hvjhPjP25dbPZ5OzlumfGP52A.c2MVHdpiIy_Ui3MixUyyrwXY3UBl8qb-ZSfDSFqpUn0&dib_tag=se&keywords=Nike+Shoes&qid=1710683262&sprefix=nike+sh%2Caps%2C439&sr=8-41
NIKE Women's Low-Top Track & Field Shoes,$150.00,4.5,https://amazon.com//Nike-Womens-WMNS-White-Black-White/dp/B079QJSHSB/ref=sr_1_42?crid=1FAV8ASK9TTC4&dib=eyJ2IjoiMSJ9.d98221Y8khUcVADylzZITRbKTtj12KyWLNTgshOnzth6jeUNIF4Rr9M-4fkXbVikfxUJDWuI_nigEmz4XbhK5983o2SLoMukGzwh3k9VE0Jb2Zt4tVrTvn0fzc-wIiiRSjSrWRgw9dAu15no21hcwHH6HX_VsRVVAv_iKZAMWxy3vLaYBLbzgJN7VRwo4sBACdUQ-Ymy4q81j4c2Su97CCM_KpV7SPOG5oihyc5Z5GJu15U3wx75-FZOD2PVoHu6zATAYcloDXoC3gUna_hvjhPjP25dbPZ5OzlumfGP52A.c2MVHdpiIy_Ui3MixUyyrwXY3UBl8qb-ZSfDSFqpUn0&dib_tag=se&keywords=Nike+Shoes&qid=1710683262&sprefix=nike+sh%2Caps%2C439&sr=8-42
Nike mens Air Force 1 '07 LV8,$113.54,4.6,https://amazon.com//Nike-Force-White-Photo-Blue/dp/B0CFHWDLZK/ref=sr_1_43?crid=1FAV8ASK9TTC4&dib=eyJ2IjoiMSJ9.d98221Y8khUcVADylzZITRbKTtj12KyWLNTgshOnzth6jeUNIF4Rr9M-4fkXbVikfxUJDWuI_nigEmz4XbhK5983o2SLoMukGzwh3k9VE0Jb2Zt4tVrTvn0fzc-wIiiRSjSrWRgw9dAu15no21hcwHH6HX_VsRVVAv_iKZAMWxy3vLaYBLbzgJN7VRwo4sBACdUQ-Ymy4q81j4c2Su97CCM_KpV7SPOG5oihyc5Z5GJu15U3wx75-FZOD2PVoHu6zATAYcloDXoC3gUna_hvjhPjP25dbPZ5OzlumfGP52A.c2MVHdpiIy_Ui3MixUyyrwXY3UBl8qb-ZSfDSFqpUn0&dib_tag=se&keywords=Nike+Shoes&qid=1710683262&sprefix=nike+sh%2Caps%2C439&sr=8-43
Nike Women's Trail Running Shoes,$87.99,4.4,https://amazon.com//NIKE-Womens-Air-Max-Correlate/dp/B0776RSV6N/ref=sr_1_44?crid=1FAV8ASK9TTC4&dib=eyJ2IjoiMSJ9.d98221Y8khUcVADylzZITRbKTtj12KyWLNTgshOnzth6jeUNIF4Rr9M-4fkXbVikfxUJDWuI_nigEmz4XbhK5983o2SLoMukGzwh3k9VE0Jb2Zt4tVrTvn0fzc-wIiiRSjSrWRgw9dAu15no21hcwHH6HX_VsRVVAv_iKZAMWxy3vLaYBLbzgJN7VRwo4sBACdUQ-Ymy4q81j4c2Su97CCM_KpV7SPOG5oihyc5Z5GJu15U3wx75-FZOD2PVoHu6zATAYcloDXoC3gUna_hvjhPjP25dbPZ5OzlumfGP52A.c2MVHdpiIy_Ui3MixUyyrwXY3UBl8qb-ZSfDSFqpUn0&dib_tag=se&keywords=Nike+Shoes&qid=1710683262&sprefix=nike+sh%2Caps%2C439&sr=8-44
NIKE Men's Sneaker,$89.00,4.5,https://amazon.com//Nike-Mens-Shoes-Size-Color/dp/B0BY1ZLZ2L/ref=sr_1_45?crid=1FAV8ASK9TTC4&dib=eyJ2IjoiMSJ9.d98221Y8khUcVADylzZITRbKTtj12KyWLNTgshOnzth6jeUNIF4Rr9M-4fkXbVikfxUJDWuI_nigEmz4XbhK5983o2SLoMukGzwh3k9VE0Jb2Zt4tVrTvn0fzc-wIiiRSjSrWRgw9dAu15no21hcwHH6HX_VsRVVAv_iKZAMWxy3vLaYBLbzgJN7VRwo4sBACdUQ-Ymy4q81j4c2Su97CCM_KpV7SPOG5oihyc5Z5GJu15U3wx75-FZOD2PVoHu6zATAYcloDXoC3gUna_hvjhPjP25dbPZ5OzlumfGP52A.c2MVHdpiIy_Ui3MixUyyrwXY3UBl8qb-ZSfDSFqpUn0&dib_tag=se&keywords=Nike+Shoes&qid=1710683262&sprefix=nike+sh%2Caps%2C439&sr=8-45
Nike GTS 97 Black/White Men's Retro Shoes,$74.50,4.4,https://amazon.com//Nike-Mens-GTS-DA1446-003/dp/B0BS1YM65P/ref=sr_1_46?crid=1FAV8ASK9TTC4&dib=eyJ2IjoiMSJ9.d98221Y8khUcVADylzZITRbKTtj12KyWLNTgshOnzth6jeUNIF4Rr9M-4fkXbVikfxUJDWuI_nigEmz4XbhK5983o2SLoMukGzwh3k9VE0Jb2Zt4tVrTvn0fzc-wIiiRSjSrWRgw9dAu15no21hcwHH6HX_VsRVVAv_iKZAMWxy3vLaYBLbzgJN7VRwo4sBACdUQ-Ymy4q81j4c2Su97CCM_KpV7SPOG5oihyc5Z5GJu15U3wx75-FZOD2PVoHu6zATAYcloDXoC3gUna_hvjhPjP25dbPZ5OzlumfGP52A.c2MVHdpiIy_Ui3MixUyyrwXY3UBl8qb-ZSfDSFqpUn0&dib_tag=se&keywords=Nike+Shoes&qid=1710683262&sprefix=nike+sh%2Caps%2C439&sr=8-46
Nike mens Quest 4 Platform,$59.90,4.4,https://amazon.com//Nike-Quest-Platform-Running-Multi-Color/dp/B09R9LKRDR/ref=sr_1_47?crid=1FAV8ASK9TTC4&dib=eyJ2IjoiMSJ9.d98221Y8khUcVADylzZITRbKTtj12KyWLNTgshOnzth6jeUNIF4Rr9M-4fkXbVikfxUJDWuI_nigEmz4XbhK5983o2SLoMukGzwh3k9VE0Jb2Zt4tVrTvn0fzc-wIiiRSjSrWRgw9dAu15no21hcwHH6HX_VsRVVAv_iKZAMWxy3vLaYBLbzgJN7VRwo4sBACdUQ-Ymy4q81j4c2Su97CCM_KpV7SPOG5oihyc5Z5GJu15U3wx75-FZOD2PVoHu6zATAYcloDXoC3gUna_hvjhPjP25dbPZ5OzlumfGP52A.c2MVHdpiIy_Ui3MixUyyrwXY3UBl8qb-ZSfDSFqpUn0&dib_tag=se&keywords=Nike+Shoes&qid=1710683262&sprefix=nike+sh%2Caps%2C439&sr=8-47
Nike Men's Gymnastics Shoes Sneakers,$69.99,4.5,https://amazon.com//Nike-Court-Vision-Nature-Basketball/dp/B0B6C4P6ZT/ref=sr_1_48?crid=1FAV8ASK9TTC4&dib=eyJ2IjoiMSJ9.d98221Y8khUcVADylzZITRbKTtj12KyWLNTgshOnzth6jeUNIF4Rr9M-4fkXbVikfxUJDWuI_nigEmz4XbhK5983o2SLoMukGzwh3k9VE0Jb2Zt4tVrTvn0fzc-wIiiRSjSrWRgw9dAu15no21hcwHH6HX_VsRVVAv_iKZAMWxy3vLaYBLbzgJN7VRwo4sBACdUQ-Ymy4q81j4c2Su97CCM_KpV7SPOG5oihyc5Z5GJu15U3wx75-FZOD2PVoHu6zATAYcloDXoC3gUna_hvjhPjP25dbPZ5OzlumfGP52A.c2MVHdpiIy_Ui3MixUyyrwXY3UBl8qb-ZSfDSFqpUn0&dib_tag=se&keywords=Nike+Shoes&qid=1710683262&sprefix=nike+sh%2Caps%2C439&sr=8-48
Nike mens Lebron Witness 6,$100.00,4.6,https://amazon.com//Nike-Basketball-Trainers-Sneakers-Black-Anthracite-Volt/dp/B0BRXDRSY1/ref=sr_1_49?crid=1FAV8ASK9TTC4&dib=eyJ2IjoiMSJ9.d98221Y8khUcVADylzZITRbKTtj12KyWLNTgshOnzth6jeUNIF4Rr9M-4fkXbVikfxUJDWuI_nigEmz4XbhK5983o2SLoMukGzwh3k9VE0Jb2Zt4tVrTvn0fzc-wIiiRSjSrWRgw9dAu15no21hcwHH6HX_VsRVVAv_iKZAMWxy3vLaYBLbzgJN7VRwo4sBACdUQ-Ymy4q81j4c2Su97CCM_KpV7SPOG5oihyc5Z5GJu15U3wx75-FZOD2PVoHu6zATAYcloDXoC3gUna_hvjhPjP25dbPZ5OzlumfGP52A.c2MVHdpiIy_Ui3MixUyyrwXY3UBl8qb-ZSfDSFqpUn0&dib_tag=se&keywords=Nike+Shoes&qid=1710683262&sprefix=nike+sh%2Caps%2C439&sr=8-49
Nike Men's Basketball Shoe,$65.34,4.6,https://amazon.com//Nike-Basketball-Sneakers-CW3400-001-Numeric_11/dp/B095MMTQWZ/ref=sr_1_50?crid=1FAV8ASK9TTC4&dib=eyJ2IjoiMSJ9.d98221Y8khUcVADylzZITRbKTtj12KyWLNTgshOnzth6jeUNIF4Rr9M-4fkXbVikfxUJDWuI_nigEmz4XbhK5983o2SLoMukGzwh3k9VE0Jb2Zt4tVrTvn0fzc-wIiiRSjSrWRgw9dAu15no21hcwHH6HX_VsRVVAv_iKZAMWxy3vLaYBLbzgJN7VRwo4sBACdUQ-Ymy4q81j4c2Su97CCM_KpV7SPOG5oihyc5Z5GJu15U3wx75-FZOD2PVoHu6zATAYcloDXoC3gUna_hvjhPjP25dbPZ5OzlumfGP52A.c2MVHdpiIy_Ui3MixUyyrwXY3UBl8qb-ZSfDSFqpUn0&dib_tag=se&keywords=Nike+Shoes&qid=1710683262&sprefix=nike+sh%2Caps%2C439&sr=8-50
Nike womens Blazer Mid 77,$99.99,4.5,https://amazon.com//Nike-Womens-Basketball-White-Black/dp/B08HFMQS27/ref=sr_1_51?crid=1FAV8ASK9TTC4&dib=eyJ2IjoiMSJ9.d98221Y8khUcVADylzZITRbKTtj12KyWLNTgshOnzth6jeUNIF4Rr9M-4fkXbVikfxUJDWuI_nigEmz4XbhK5983o2SLoMukGzwh3k9VE0Jb2Zt4tVrTvn0fzc-wIiiRSjSrWRgw9dAu15no21hcwHH6HX_VsRVVAv_iKZAMWxy3vLaYBLbzgJN7VRwo4sBACdUQ-Ymy4q81j4c2Su97CCM_KpV7SPOG5oihyc5Z5GJu15U3wx75-FZOD2PVoHu6zATAYcloDXoC3gUna_hvjhPjP25dbPZ5OzlumfGP52A.c2MVHdpiIy_Ui3MixUyyrwXY3UBl8qb-ZSfDSFqpUn0&dib_tag=se&keywords=Nike+Shoes&qid=1710683262&sprefix=nike+sh%2Caps%2C439&sr=8-51
Nike mens Air Force 1 High '07,$109.16,4.6,https://amazon.com//Nike-Mens-Force-White-Black/dp/B08Q9WSNPJ/ref=sr_1_52?crid=1FAV8ASK9TTC4&dib=eyJ2IjoiMSJ9.d98221Y8khUcVADylzZITRbKTtj12KyWLNTgshOnzth6jeUNIF4Rr9M-4fkXbVikfxUJDWuI_nigEmz4XbhK5983o2SLoMukGzwh3k9VE0Jb2Zt4tVrTvn0fzc-wIiiRSjSrWRgw9dAu15no21hcwHH6HX_VsRVVAv_iKZAMWxy3vLaYBLbzgJN7VRwo4sBACdUQ-Ymy4q81j4c2Su97CCM_KpV7SPOG5oihyc5Z5GJu15U3wx75-FZOD2PVoHu6zATAYcloDXoC3gUna_hvjhPjP25dbPZ5OzlumfGP52A.c2MVHdpiIy_Ui3MixUyyrwXY3UBl8qb-ZSfDSFqpUn0&dib_tag=se&keywords=Nike+Shoes&qid=1710683262&sprefix=nike+sh%2Caps%2C439&sr=8-52
Nike mens Air Max Pre-Day Running,$83.29,4.4,https://amazon.com//Nike-Pre-Day-Style-Dc9402-Anthracite/dp/B09F671JX6/ref=sr_1_53?crid=1FAV8ASK9TTC4&dib=eyJ2IjoiMSJ9.d98221Y8khUcVADylzZITRbKTtj12KyWLNTgshOnzth6jeUNIF4Rr9M-4fkXbVikfxUJDWuI_nigEmz4XbhK5983o2SLoMukGzwh3k9VE0Jb2Zt4tVrTvn0fzc-wIiiRSjSrWRgw9dAu15no21hcwHH6HX_VsRVVAv_iKZAMWxy3vLaYBLbzgJN7VRwo4sBACdUQ-Ymy4q81j4c2Su97CCM_KpV7SPOG5oihyc5Z5GJu15U3wx75-FZOD2PVoHu6zATAYcloDXoC3gUna_hvjhPjP25dbPZ5OzlumfGP52A.c2MVHdpiIy_Ui3MixUyyrwXY3UBl8qb-ZSfDSFqpUn0&dib_tag=se&keywords=Nike+Shoes&qid=1710683262&sprefix=nike+sh%2Caps%2C439&sr=8-53
Nike Men's Training Gymnastics Shoe,$113.33,4.6,https://amazon.com//Nike-Force-White-White-Picante-Red-White/dp/B0CH7B9V4X/ref=sr_1_54?crid=1FAV8ASK9TTC4&dib=eyJ2IjoiMSJ9.d98221Y8khUcVADylzZITRbKTtj12KyWLNTgshOnzth6jeUNIF4Rr9M-4fkXbVikfxUJDWuI_nigEmz4XbhK5983o2SLoMukGzwh3k9VE0Jb2Zt4tVrTvn0fzc-wIiiRSjSrWRgw9dAu15no21hcwHH6HX_VsRVVAv_iKZAMWxy3vLaYBLbzgJN7VRwo4sBACdUQ-Ymy4q81j4c2Su97CCM_KpV7SPOG5oihyc5Z5GJu15U3wx75-FZOD2PVoHu6zATAYcloDXoC3gUna_hvjhPjP25dbPZ5OzlumfGP52A.c2MVHdpiIy_Ui3MixUyyrwXY3UBl8qb-ZSfDSFqpUn0&dib_tag=se&keywords=Nike+Shoes&qid=1710683262&sprefix=nike+sh%2Caps%2C439&sr=8-54
Nike mens Reax 8 Tr,$89.94,2.3,https://amazon.com//Nike-Reax-Sports-Shoes-Black/dp/B0845SS5X4/ref=sr_1_55?crid=1FAV8ASK9TTC4&dib=eyJ2IjoiMSJ9.d98221Y8khUcVADylzZITRbKTtj12KyWLNTgshOnzth6jeUNIF4Rr9M-4fkXbVikfxUJDWuI_nigEmz4XbhK5983o2SLoMukGzwh3k9VE0Jb2Zt4tVrTvn0fzc-wIiiRSjSrWRgw9dAu15no21hcwHH6HX_VsRVVAv_iKZAMWxy3vLaYBLbzgJN7VRwo4sBACdUQ-Ymy4q81j4c2Su97CCM_KpV7SPOG5oihyc5Z5GJu15U3wx75-FZOD2PVoHu6zATAYcloDXoC3gUna_hvjhPjP25dbPZ5OzlumfGP52A.c2MVHdpiIy_Ui3MixUyyrwXY3UBl8qb-ZSfDSFqpUn0&dib_tag=se&keywords=Nike+Shoes&qid=1710683262&sprefix=nike+sh%2Caps%2C439&sr=8-55
Nike Mens Free Run 2018 Road Running,$90.99,4.4,https://amazon.com//Nike-Running-Shoes-Triple-Black/dp/B0C3PFM2F4/ref=sr_1_56?crid=1FAV8ASK9TTC4&dib=eyJ2IjoiMSJ9.d98221Y8khUcVADylzZITRbKTtj12KyWLNTgshOnzth6jeUNIF4Rr9M-4fkXbVikfxUJDWuI_nigEmz4XbhK5983o2SLoMukGzwh3k9VE0Jb2Zt4tVrTvn0fzc-wIiiRSjSrWRgw9dAu15no21hcwHH6HX_VsRVVAv_iKZAMWxy3vLaYBLbzgJN7VRwo4sBACdUQ-Ymy4q81j4c2Su97CCM_KpV7SPOG5oihyc5Z5GJu15U3wx75-FZOD2PVoHu6zATAYcloDXoC3gUna_hvjhPjP25dbPZ5OzlumfGP52A.c2MVHdpiIy_Ui3MixUyyrwXY3UBl8qb-ZSfDSFqpUn0&dib_tag=se&keywords=Nike+Shoes&qid=1710683262&sprefix=nike+sh%2Caps%2C439&sr=8-56
Nike mens Air Monarch IV,$49.99,4.5,https://amazon.com//Nike-MONARCH-RUNNING-Metallic-Silver-Midnight/dp/B004LBMEB2/ref=sr_1_57?crid=1FAV8ASK9TTC4&dib=eyJ2IjoiMSJ9.d98221Y8khUcVADylzZITRbKTtj12KyWLNTgshOnzth6jeUNIF4Rr9M-4fkXbVikfxUJDWuI_nigEmz4XbhK5983o2SLoMukGzwh3k9VE0Jb2Zt4tVrTvn0fzc-wIiiRSjSrWRgw9dAu15no21hcwHH6HX_VsRVVAv_iKZAMWxy3vLaYBLbzgJN7VRwo4sBACdUQ-Ymy4q81j4c2Su97CCM_KpV7SPOG5oihyc5Z5GJu15U3wx75-FZOD2PVoHu6zATAYcloDXoC3gUna_hvjhPjP25dbPZ5OzlumfGP52A.c2MVHdpiIy_Ui3MixUyyrwXY3UBl8qb-ZSfDSFqpUn0&dib_tag=se&keywords=Nike+Shoes&qid=1710683262&sprefix=nike+sh%2Caps%2C439&sr=8-57
Nike mens Running,$49.99,4.6,https://amazon.com//Nike-Nature-Running-Trainers-Sneakers/dp/B09NMJHP59/ref=sr_1_58?crid=1FAV8ASK9TTC4&dib=eyJ2IjoiMSJ9.d98221Y8khUcVADylzZITRbKTtj12KyWLNTgshOnzth6jeUNIF4Rr9M-4fkXbVikfxUJDWuI_nigEmz4XbhK5983o2SLoMukGzwh3k9VE0Jb2Zt4tVrTvn0fzc-wIiiRSjSrWRgw9dAu15no21hcwHH6HX_VsRVVAv_iKZAMWxy3vLaYBLbzgJN7VRwo4sBACdUQ-Ymy4q81j4c2Su97CCM_KpV7SPOG5oihyc5Z5GJu15U3wx75-FZOD2PVoHu6zATAYcloDXoC3gUna_hvjhPjP25dbPZ5OzlumfGP52A.c2MVHdpiIy_Ui3MixUyyrwXY3UBl8qb-ZSfDSFqpUn0&dib_tag=se&keywords=Nike+Shoes&qid=1710683262&sprefix=nike+sh%2Caps%2C439&sr=8-58
Nike Men's Air Max Impact 4 Black/White-Bright Crimson (DM1124 002),$79.78,4.1,https://amazon.com//Nike-Impact-Black-Anthracite-Off-DM1124/dp/B0B6G96XCG/ref=sr_1_59?crid=1FAV8ASK9TTC4&dib=eyJ2IjoiMSJ9.d98221Y8khUcVADylzZITRbKTtj12KyWLNTgshOnzth6jeUNIF4Rr9M-4fkXbVikfxUJDWuI_nigEmz4XbhK5983o2SLoMukGzwh3k9VE0Jb2Zt4tVrTvn0fzc-wIiiRSjSrWRgw9dAu15no21hcwHH6HX_VsRVVAv_iKZAMWxy3vLaYBLbzgJN7VRwo4sBACdUQ-Ymy4q81j4c2Su97CCM_KpV7SPOG5oihyc5Z5GJu15U3wx75-FZOD2PVoHu6zATAYcloDXoC3gUna_hvjhPjP25dbPZ5OzlumfGP52A.c2MVHdpiIy_Ui3MixUyyrwXY3UBl8qb-ZSfDSFqpUn0&dib_tag=se&keywords=Nike+Shoes&qid=1710683262&sprefix=nike+sh%2Caps%2C439&sr=8-59
Nike mens Free Run Flyknit 2018 Running,$73.99,4.6,https://amazon.com//NIKE-Flyknit-Running-Shoes-Black/dp/B079ZJSBM1/ref=sr_1_60?crid=1FAV8ASK9TTC4&dib=eyJ2IjoiMSJ9.d98221Y8khUcVADylzZITRbKTtj12KyWLNTgshOnzth6jeUNIF4Rr9M-4fkXbVikfxUJDWuI_nigEmz4XbhK5983o2SLoMukGzwh3k9VE0Jb2Zt4tVrTvn0fzc-wIiiRSjSrWRgw9dAu15no21hcwHH6HX_VsRVVAv_iKZAMWxy3vLaYBLbzgJN7VRwo4sBACdUQ-Ymy4q81j4c2Su97CCM_KpV7SPOG5oihyc5Z5GJu15U3wx75-FZOD2PVoHu6zATAYcloDXoC3gUna_hvjhPjP25dbPZ5OzlumfGP52A.c2MVHdpiIy_Ui3MixUyyrwXY3UBl8qb-ZSfDSFqpUn0&dib_tag=se&keywords=Nike+Shoes&qid=1710683262&sprefix=nike+sh%2Caps%2C439&sr=8-60
